Metric,TCN,Hybrid,Improvement
RMSE,74.4906627517146,61.49343355056491,17.448132049074193
MAE,55.1777942363884,48.00847506095657,12.99312390908124
R²,-2.74950144448276,-1.5552143321627363,-43.436496995355995
MAPE,7.58944887024233,6.5764139042097,13.347938478176797
